Company,Booth Number
,
,
Edward Jones,98
,99
,100
Lenz Therapeutics,101
,102
Visionix,103
,104
,105
Restoration Ophthalmics,106
,107
DSBVI,108
,109
Hope Alliance,110
Rawzi Eyewear,111
Friends for Sight,112
Dompé,200
The Eye Institute,201
Glaukos,202
LKC Technologies,203
EssilorLuxottica Eyecare,204
Coopervision,205
Apellis Pharmaceuticals,206
VSP,207
Rocky Mountain University,210
Johnson & Johnson,211
Waite Vision,212
ADIT,300
Bausch+Lomb,301
Medically USA,302
Sun Pharma,303
Eye Designs LLC,304
Europa Eyewear,305
Aseptikits,306
Eyefficient/S4Optik,307
Cherry Optical Lab,308
L'Amy America,309
MyEyeDr,310
Premier Vision Lab,311
Alcon,312
Modern Optical,313
IT4Eyes,314
MOREL Eyewear,315
"Blue River Medical, Inc",400
,401
Orgreens Optics,402
Essilor Labs of America,403
Shamir Insights Inc,404
Luxottica Frames,405
Contamac,406
Essilor Instruments,407
,408
,409
,410
Optikam Tech Inc,411
Kering Eyewear,412
MacuHealth,414
"Optos, Inc",415
Topcon Healthcare,500
,501
Utah Eye Centers,502
Teem,503
,504
,505
,506
ZEISS,507
,508
ZEISS,509
,510
,511
Optometric Aesthetics,512
,513
Nikon Optical US,514
Hoopes Vision,515
,516